timestamp;buyer;seller;symbol;currency;price;quantity
200;;;INTARIAN_PEPPER_ROOT;XIRECS;12007.0;5
3300;;;INTARIAN_PEPPER_ROOT;XIRECS;12010.0;7
4100;;;INTARIAN_PEPPER_ROOT;XIRECS;11998.0;6
6300;;;ASH_COATED_OSMIUM;XIRECS;10009.0;5
6800;;;INTARIAN_PEPPER_ROOT;XIRECS;12000.0;5
7000;;;ASH_COATED_OSMIUM;XIRECS;10008.0;4
7100;;;ASH_COATED_OSMIUM;XIRECS;10008.0;3
8600;;;ASH_COATED_OSMIUM;XIRECS;10008.0;5
9300;;;ASH_COATED_OSMIUM;XIRECS;9992.0;7
9300;;;INTARIAN_PEPPER_ROOT;XIRECS;12005.0;6
9700;;;ASH_COATED_OSMIUM;XIRECS;10009.0;5
11900;;;INTARIAN_PEPPER_ROOT;XIRECS;12015.0;4
12500;;;ASH_COATED_OSMIUM;XIRECS;10013.0;10
12600;;;ASH_COATED_OSMIUM;XIRECS;10011.0;9
17700;;;ASH_COATED_OSMIUM;XIRECS;10009.0;5
21200;;;ASH_COATED_OSMIUM;XIRECS;10008.0;10
22000;;;ASH_COATED_OSMIUM;XIRECS;9993.0;5
22500;;;INTARIAN_PEPPER_ROOT;XIRECS;12018.0;4
22700;;;ASH_COATED_OSMIUM;XIRECS;9994.0;9
23100;;;INTARIAN_PEPPER_ROOT;XIRECS;12014.0;5
23200;;;ASH_COATED_OSMIUM;XIRECS;9993.0;6
23200;;;INTARIAN_PEPPER_ROOT;XIRECS;12019.0;4
23600;;;ASH_COATED_OSMIUM;XIRECS;9990.0;6
24600;;;ASH_COATED_OSMIUM;XIRECS;10008.0;5
28400;;;INTARIAN_PEPPER_ROOT;XIRECS;12024.0;8
30100;;;ASH_COATED_OSMIUM;XIRECS;10009.0;5
31500;;;ASH_COATED_OSMIUM;XIRECS;9993.0;10
33800;;;ASH_COATED_OSMIUM;XIRECS;10010.0;4
35100;;;ASH_COATED_OSMIUM;XIRECS;9993.0;7
36900;;;INTARIAN_PEPPER_ROOT;XIRECS;12030.0;3
37200;;;INTARIAN_PEPPER_ROOT;XIRECS;12031.0;4
37300;;;ASH_COATED_OSMIUM;XIRECS;10008.0;7
37300;;;INTARIAN_PEPPER_ROOT;XIRECS;12033.0;5
38200;;;INTARIAN_PEPPER_ROOT;XIRECS;12034.0;5
38400;;;INTARIAN_PEPPER_ROOT;XIRECS;12042.0;3
39200;;;INTARIAN_PEPPER_ROOT;XIRECS;12033.0;3
40500;;;ASH_COATED_OSMIUM;XIRECS;10009.0;8
40500;;;INTARIAN_PEPPER_ROOT;XIRECS;12036.0;7
41100;;;ASH_COATED_OSMIUM;XIRECS;9993.0;6
41900;;;ASH_COATED_OSMIUM;XIRECS;9993.0;6
46300;;;ASH_COATED_OSMIUM;XIRECS;9992.0;4
47900;;;INTARIAN_PEPPER_ROOT;XIRECS;12044.0;4
49200;;;INTARIAN_PEPPER_ROOT;XIRECS;12056.0;5
52500;;;ASH_COATED_OSMIUM;XIRECS;10006.0;5
53200;;;INTARIAN_PEPPER_ROOT;XIRECS;12063.0;5
56500;;;ASH_COATED_OSMIUM;XIRECS;9985.0;2
58200;;;ASH_COATED_OSMIUM;XIRECS;10003.0;6
59500;;;ASH_COATED_OSMIUM;XIRECS;10002.0;5
60800;;;ASH_COATED_OSMIUM;XIRECS;10003.0;8
61800;;;ASH_COATED_OSMIUM;XIRECS;10005.0;5
62200;;;ASH_COATED_OSMIUM;XIRECS;9999.0;3
62300;;;ASH_COATED_OSMIUM;XIRECS;10005.0;2
62800;;;ASH_COATED_OSMIUM;XIRECS;10005.0;9
65600;;;INTARIAN_PEPPER_ROOT;XIRECS;12069.0;8
65800;;;INTARIAN_PEPPER_ROOT;XIRECS;12059.0;4
67100;;;INTARIAN_PEPPER_ROOT;XIRECS;12061.0;4
68000;;;ASH_COATED_OSMIUM;XIRECS;10005.0;5
68200;;;INTARIAN_PEPPER_ROOT;XIRECS;12059.0;3
71300;;;ASH_COATED_OSMIUM;XIRECS;9989.0;10
74500;;;INTARIAN_PEPPER_ROOT;XIRECS;12081.0;6
75000;;;INTARIAN_PEPPER_ROOT;XIRECS;12068.0;5
77900;;;INTARIAN_PEPPER_ROOT;XIRECS;12071.0;4
78300;;;ASH_COATED_OSMIUM;XIRECS;9994.0;2
79400;;;ASH_COATED_OSMIUM;XIRECS;10013.0;4
79600;;;ASH_COATED_OSMIUM;XIRECS;10010.0;5
79800;;;INTARIAN_PEPPER_ROOT;XIRECS;12073.0;6
81400;;;ASH_COATED_OSMIUM;XIRECS;10008.0;2
85300;;;INTARIAN_PEPPER_ROOT;XIRECS;12088.0;6
86800;;;ASH_COATED_OSMIUM;XIRECS;9991.0;10
86800;;;INTARIAN_PEPPER_ROOT;XIRECS;12090.0;5
89000;;;ASH_COATED_OSMIUM;XIRECS;10012.0;4
92600;;;INTARIAN_PEPPER_ROOT;XIRECS;12096.0;5
96000;;;INTARIAN_PEPPER_ROOT;XIRECS;12089.0;7
96900;;;INTARIAN_PEPPER_ROOT;XIRECS;12103.0;4
97500;;;ASH_COATED_OSMIUM;XIRECS;9990.0;6
97600;;;ASH_COATED_OSMIUM;XIRECS;10008.0;6
100000;;;INTARIAN_PEPPER_ROOT;XIRECS;12103.0;4
100100;;;INTARIAN_PEPPER_ROOT;XIRECS;12107.0;7
102600;;;INTARIAN_PEPPER_ROOT;XIRECS;12098.0;4
106900;;;ASH_COATED_OSMIUM;XIRECS;10010.0;7
110100;;;INTARIAN_PEPPER_ROOT;XIRECS;12117.0;7
111300;;;ASH_COATED_OSMIUM;XIRECS;9995.0;3
112200;;;ASH_COATED_OSMIUM;XIRECS;10010.0;2
113600;;;INTARIAN_PEPPER_ROOT;XIRECS;12120.0;7
115400;;;INTARIAN_PEPPER_ROOT;XIRECS;12122.0;6
116600;;;ASH_COATED_OSMIUM;XIRECS;9996.0;8
118200;;;INTARIAN_PEPPER_ROOT;XIRECS;12125.0;6
120700;;;ASH_COATED_OSMIUM;XIRECS;9996.0;5
120800;;;ASH_COATED_OSMIUM;XIRECS;10002.0;5
126000;;;INTARIAN_PEPPER_ROOT;XIRECS;12119.0;5
128400;;;INTARIAN_PEPPER_ROOT;XIRECS;12122.0;7
128900;;;ASH_COATED_OSMIUM;XIRECS;9999.0;3
132300;;;ASH_COATED_OSMIUM;XIRECS;10008.0;4
134100;;;ASH_COATED_OSMIUM;XIRECS;9991.0;2
137400;;;ASH_COATED_OSMIUM;XIRECS;9993.0;7
139000;;;ASH_COATED_OSMIUM;XIRECS;9994.0;7
139000;;;INTARIAN_PEPPER_ROOT;XIRECS;12146.0;3
139100;;;ASH_COATED_OSMIUM;XIRECS;10010.0;2
139400;;;INTARIAN_PEPPER_ROOT;XIRECS;12133.0;7
141700;;;INTARIAN_PEPPER_ROOT;XIRECS;12145.0;6
142400;;;INTARIAN_PEPPER_ROOT;XIRECS;12138.0;5
143400;;;INTARIAN_PEPPER_ROOT;XIRECS;12137.0;7
147600;;;INTARIAN_PEPPER_ROOT;XIRECS;12154.0;6
147700;;;INTARIAN_PEPPER_ROOT;XIRECS;12154.0;3
148100;;;INTARIAN_PEPPER_ROOT;XIRECS;12144.0;3
148700;;;INTARIAN_PEPPER_ROOT;XIRECS;12145.0;8
150500;;;INTARIAN_PEPPER_ROOT;XIRECS;12144.0;6
151400;;;ASH_COATED_OSMIUM;XIRECS;9991.0;6
153700;;;ASH_COATED_OSMIUM;XIRECS;9996.0;5
153800;;;ASH_COATED_OSMIUM;XIRECS;9996.0;5
157600;;;ASH_COATED_OSMIUM;XIRECS;9999.0;5
159500;;;INTARIAN_PEPPER_ROOT;XIRECS;12153.0;7
166700;;;ASH_COATED_OSMIUM;XIRECS;10016.0;6
167900;;;ASH_COATED_OSMIUM;XIRECS;10014.0;4
168000;;;ASH_COATED_OSMIUM;XIRECS;9998.0;8
168600;;;ASH_COATED_OSMIUM;XIRECS;9995.0;6
169500;;;ASH_COATED_OSMIUM;XIRECS;10013.0;5
170000;;;INTARIAN_PEPPER_ROOT;XIRECS;12177.0;7
170400;;;INTARIAN_PEPPER_ROOT;XIRECS;12164.0;3
171200;;;ASH_COATED_OSMIUM;XIRECS;9998.0;3
172200;;;ASH_COATED_OSMIUM;XIRECS;9995.0;2
172800;;;INTARIAN_PEPPER_ROOT;XIRECS;12176.0;3
179600;;;INTARIAN_PEPPER_ROOT;XIRECS;12170.0;5
180500;;;ASH_COATED_OSMIUM;XIRECS;10001.0;2
180600;;;ASH_COATED_OSMIUM;XIRECS;10001.0;5
182200;;;INTARIAN_PEPPER_ROOT;XIRECS;12189.0;5
183700;;;INTARIAN_PEPPER_ROOT;XIRECS;12190.0;3
186400;;;INTARIAN_PEPPER_ROOT;XIRECS;12193.0;7
186800;;;ASH_COATED_OSMIUM;XIRECS;10015.0;5
187700;;;ASH_COATED_OSMIUM;XIRECS;9999.0;2
191200;;;ASH_COATED_OSMIUM;XIRECS;10013.0;10
192400;;;INTARIAN_PEPPER_ROOT;XIRECS;12186.0;3
192800;;;ASH_COATED_OSMIUM;XIRECS;10013.0;3
192800;;;INTARIAN_PEPPER_ROOT;XIRECS;12199.0;7
193800;;;ASH_COATED_OSMIUM;XIRECS;9997.0;3
194400;;;ASH_COATED_OSMIUM;XIRECS;9997.0;4
196500;;;INTARIAN_PEPPER_ROOT;XIRECS;12192.0;7
198500;;;ASH_COATED_OSMIUM;XIRECS;10014.0;2
198800;;;INTARIAN_PEPPER_ROOT;XIRECS;12192.0;6
202000;;;ASH_COATED_OSMIUM;XIRECS;9996.0;2
203700;;;INTARIAN_PEPPER_ROOT;XIRECS;12213.0;7
204900;;;ASH_COATED_OSMIUM;XIRECS;10010.0;9
205800;;;ASH_COATED_OSMIUM;XIRECS;9999.0;5
207200;;;ASH_COATED_OSMIUM;XIRECS;10008.0;2
209800;;;ASH_COATED_OSMIUM;XIRECS;9989.0;9
210100;;;ASH_COATED_OSMIUM;XIRECS;10006.0;3
211000;;;ASH_COATED_OSMIUM;XIRECS;9990.0;8
212000;;;ASH_COATED_OSMIUM;XIRECS;9990.0;7
213100;;;INTARIAN_PEPPER_ROOT;XIRECS;12216.0;6
213500;;;ASH_COATED_OSMIUM;XIRECS;10005.0;5
214400;;;ASH_COATED_OSMIUM;XIRECS;9988.0;8
214600;;;ASH_COATED_OSMIUM;XIRECS;10007.0;6
216000;;;INTARIAN_PEPPER_ROOT;XIRECS;12212.0;3
216600;;;INTARIAN_PEPPER_ROOT;XIRECS;12212.0;7
216800;;;INTARIAN_PEPPER_ROOT;XIRECS;12223.0;6
219100;;;ASH_COATED_OSMIUM;XIRECS;9993.0;5
221300;;;ASH_COATED_OSMIUM;XIRECS;10009.0;10
224500;;;INTARIAN_PEPPER_ROOT;XIRECS;12231.0;6
224700;;;ASH_COATED_OSMIUM;XIRECS;9992.0;7
226400;;;ASH_COATED_OSMIUM;XIRECS;9991.0;5
229300;;;INTARIAN_PEPPER_ROOT;XIRECS;12236.0;6
230100;;;ASH_COATED_OSMIUM;XIRECS;10007.0;4
230600;;;ASH_COATED_OSMIUM;XIRECS;10008.0;7
233100;;;INTARIAN_PEPPER_ROOT;XIRECS;12226.0;5
233600;;;ASH_COATED_OSMIUM;XIRECS;9990.0;7
234200;;;ASH_COATED_OSMIUM;XIRECS;9989.0;6
235100;;;ASH_COATED_OSMIUM;XIRECS;10005.0;6
235800;;;ASH_COATED_OSMIUM;XIRECS;10004.0;5
235900;;;INTARIAN_PEPPER_ROOT;XIRECS;12226.0;7
237100;;;INTARIAN_PEPPER_ROOT;XIRECS;12247.0;6
237600;;;INTARIAN_PEPPER_ROOT;XIRECS;12231.0;3
238200;;;ASH_COATED_OSMIUM;XIRECS;9986.0;8
240400;;;INTARIAN_PEPPER_ROOT;XIRECS;12234.0;6
240900;;;INTARIAN_PEPPER_ROOT;XIRECS;12251.0;5
243400;;;INTARIAN_PEPPER_ROOT;XIRECS;12237.0;5
244200;;;INTARIAN_PEPPER_ROOT;XIRECS;12251.0;6
246200;;;ASH_COATED_OSMIUM;XIRECS;9986.0;3
248500;;;INTARIAN_PEPPER_ROOT;XIRECS;12244.0;8
249200;;;INTARIAN_PEPPER_ROOT;XIRECS;12256.0;4
249400;;;ASH_COATED_OSMIUM;XIRECS;9985.0;6
251000;;;ASH_COATED_OSMIUM;XIRECS;9985.0;4
251800;;;INTARIAN_PEPPER_ROOT;XIRECS;12255.0;4
251900;;;ASH_COATED_OSMIUM;XIRECS;10002.0;3
253600;;;ASH_COATED_OSMIUM;XIRECS;9985.0;3
254100;;;INTARIAN_PEPPER_ROOT;XIRECS;12261.0;6
255700;;;ASH_COATED_OSMIUM;XIRECS;10002.0;4
256000;;;ASH_COATED_OSMIUM;XIRECS;10003.0;5
256700;;;INTARIAN_PEPPER_ROOT;XIRECS;12263.0;5
257900;;;ASH_COATED_OSMIUM;XIRECS;10003.0;7
258200;;;ASH_COATED_OSMIUM;XIRECS;10003.0;3
258500;;;ASH_COATED_OSMIUM;XIRECS;9988.0;9
260200;;;INTARIAN_PEPPER_ROOT;XIRECS;12256.0;3
262100;;;INTARIAN_PEPPER_ROOT;XIRECS;12269.0;6
262400;;;ASH_COATED_OSMIUM;XIRECS;10007.0;10
264000;;;INTARIAN_PEPPER_ROOT;XIRECS;12257.0;3
265200;;;INTARIAN_PEPPER_ROOT;XIRECS;12261.0;8
265500;;;INTARIAN_PEPPER_ROOT;XIRECS;12261.0;6
265900;;;INTARIAN_PEPPER_ROOT;XIRECS;12262.0;8
266300;;;ASH_COATED_OSMIUM;XIRECS;10010.0;3
267000;;;ASH_COATED_OSMIUM;XIRECS;10009.0;5
268400;;;ASH_COATED_OSMIUM;XIRECS;9993.0;7
271900;;;INTARIAN_PEPPER_ROOT;XIRECS;12282.0;7
272000;;;ASH_COATED_OSMIUM;XIRECS;10014.0;3
273000;;;ASH_COATED_OSMIUM;XIRECS;9996.0;6
274000;;;ASH_COATED_OSMIUM;XIRECS;10011.0;3
276900;;;ASH_COATED_OSMIUM;XIRECS;10010.0;5
277700;;;INTARIAN_PEPPER_ROOT;XIRECS;12284.0;4
280600;;;ASH_COATED_OSMIUM;XIRECS;9994.0;6
280600;;;INTARIAN_PEPPER_ROOT;XIRECS;12276.0;8
282800;;;ASH_COATED_OSMIUM;XIRECS;9992.0;8
285700;;;ASH_COATED_OSMIUM;XIRECS;9997.0;10
287000;;;ASH_COATED_OSMIUM;XIRECS;10006.0;2
292000;;;ASH_COATED_OSMIUM;XIRECS;9991.0;7
292400;;;INTARIAN_PEPPER_ROOT;XIRECS;12296.0;6
293200;;;INTARIAN_PEPPER_ROOT;XIRECS;12289.0;7
293700;;;ASH_COATED_OSMIUM;XIRECS;10010.0;4
295400;;;ASH_COATED_OSMIUM;XIRECS;10008.0;10
297300;;;INTARIAN_PEPPER_ROOT;XIRECS;12293.0;3
297600;;;INTARIAN_PEPPER_ROOT;XIRECS;12293.0;8
298500;;;ASH_COATED_OSMIUM;XIRECS;10015.0;6
298500;;;INTARIAN_PEPPER_ROOT;XIRECS;12292.0;7
299900;;;ASH_COATED_OSMIUM;XIRECS;9996.0;4
300500;;;INTARIAN_PEPPER_ROOT;XIRECS;12294.0;3
302600;;;ASH_COATED_OSMIUM;XIRECS;10012.0;2
303200;;;ASH_COATED_OSMIUM;XIRECS;10010.0;8
305000;;;ASH_COATED_OSMIUM;XIRECS;9999.0;5
305100;;;INTARIAN_PEPPER_ROOT;XIRECS;12298.0;6
307100;;;INTARIAN_PEPPER_ROOT;XIRECS;12314.0;4
311500;;;ASH_COATED_OSMIUM;XIRECS;9993.0;10
313100;;;ASH_COATED_OSMIUM;XIRECS;10011.0;5
315300;;;ASH_COATED_OSMIUM;XIRECS;9995.0;5
317300;;;INTARIAN_PEPPER_ROOT;XIRECS;12327.0;5
318500;;;INTARIAN_PEPPER_ROOT;XIRECS;12312.0;6
318600;;;ASH_COATED_OSMIUM;XIRECS;9993.0;5
319300;;;INTARIAN_PEPPER_ROOT;XIRECS;12313.0;5
320400;;;ASH_COATED_OSMIUM;XIRECS;10015.0;7
321500;;;INTARIAN_PEPPER_ROOT;XIRECS;12328.0;3
321800;;;ASH_COATED_OSMIUM;XIRECS;9995.0;10
323700;;;ASH_COATED_OSMIUM;XIRECS;9995.0;6
325600;;;ASH_COATED_OSMIUM;XIRECS;9993.0;6
327600;;;INTARIAN_PEPPER_ROOT;XIRECS;12323.0;3
329100;;;INTARIAN_PEPPER_ROOT;XIRECS;12322.0;5
331600;;;INTARIAN_PEPPER_ROOT;XIRECS;12322.0;7
332900;;;ASH_COATED_OSMIUM;XIRECS;9995.0;5
335800;;;ASH_COATED_OSMIUM;XIRECS;9994.0;10
337100;;;ASH_COATED_OSMIUM;XIRECS;10012.0;8
340300;;;INTARIAN_PEPPER_ROOT;XIRECS;12347.0;6
340500;;;ASH_COATED_OSMIUM;XIRECS;10009.0;4
342900;;;ASH_COATED_OSMIUM;XIRECS;9995.0;9
346300;;;INTARIAN_PEPPER_ROOT;XIRECS;12350.0;8
350000;;;ASH_COATED_OSMIUM;XIRECS;10009.0;3
351800;;;ASH_COATED_OSMIUM;XIRECS;10010.0;5
352200;;;ASH_COATED_OSMIUM;XIRECS;9995.0;4
352200;;;INTARIAN_PEPPER_ROOT;XIRECS;12359.0;7
354000;;;INTARIAN_PEPPER_ROOT;XIRECS;12350.0;3
354400;;;ASH_COATED_OSMIUM;XIRECS;10010.0;3
354400;;;INTARIAN_PEPPER_ROOT;XIRECS;12350.0;4
355300;;;INTARIAN_PEPPER_ROOT;XIRECS;12349.0;7
356100;;;INTARIAN_PEPPER_ROOT;XIRECS;12349.0;4
360900;;;ASH_COATED_OSMIUM;XIRECS;10010.0;5
361900;;;INTARIAN_PEPPER_ROOT;XIRECS;12369.0;6
363100;;;INTARIAN_PEPPER_ROOT;XIRECS;12356.0;4
366200;;;ASH_COATED_OSMIUM;XIRECS;10012.0;5
366200;;;ASH_COATED_OSMIUM;XIRECS;10012.0;7
368900;;;ASH_COATED_OSMIUM;XIRECS;9999.0;5
374200;;;INTARIAN_PEPPER_ROOT;XIRECS;12381.0;5
374300;;;INTARIAN_PEPPER_ROOT;XIRECS;12368.0;3
374900;;;INTARIAN_PEPPER_ROOT;XIRECS;12382.0;5
376000;;;ASH_COATED_OSMIUM;XIRECS;10011.0;2
376100;;;INTARIAN_PEPPER_ROOT;XIRECS;12369.0;5
378200;;;INTARIAN_PEPPER_ROOT;XIRECS;12372.0;3
378500;;;INTARIAN_PEPPER_ROOT;XIRECS;12385.0;7
379400;;;INTARIAN_PEPPER_ROOT;XIRECS;12386.0;7
379500;;;ASH_COATED_OSMIUM;XIRECS;9993.0;9
379800;;;ASH_COATED_OSMIUM;XIRECS;9995.0;8
380200;;;ASH_COATED_OSMIUM;XIRECS;9994.0;5
380400;;;ASH_COATED_OSMIUM;XIRECS;9994.0;6
381800;;;INTARIAN_PEPPER_ROOT;XIRECS;12372.0;6
383300;;;ASH_COATED_OSMIUM;XIRECS;10009.0;8
384100;;;ASH_COATED_OSMIUM;XIRECS;9993.0;3
384800;;;ASH_COATED_OSMIUM;XIRECS;9993.0;7
386500;;;INTARIAN_PEPPER_ROOT;XIRECS;12390.0;3
387500;;;INTARIAN_PEPPER_ROOT;XIRECS;12391.0;7
388200;;;ASH_COATED_OSMIUM;XIRECS;10011.0;10
388500;;;ASH_COATED_OSMIUM;XIRECS;10011.0;7
389500;;;ASH_COATED_OSMIUM;XIRECS;9992.0;2
389500;;;INTARIAN_PEPPER_ROOT;XIRECS;12383.0;4
392200;;;ASH_COATED_OSMIUM;XIRECS;9992.0;4
397900;;;INTARIAN_PEPPER_ROOT;XIRECS;12394.0;6
398400;;;INTARIAN_PEPPER_ROOT;XIRECS;12405.0;5
398600;;;ASH_COATED_OSMIUM;XIRECS;10012.0;9
399300;;;ASH_COATED_OSMIUM;XIRECS;10011.0;5
400900;;;INTARIAN_PEPPER_ROOT;XIRECS;12391.0;4
401200;;;ASH_COATED_OSMIUM;XIRECS;10012.0;5
404700;;;INTARIAN_PEPPER_ROOT;XIRECS;12395.0;5
405700;;;ASH_COATED_OSMIUM;XIRECS;9993.0;6
407200;;;ASH_COATED_OSMIUM;XIRECS;10011.0;4
408200;;;ASH_COATED_OSMIUM;XIRECS;9992.0;6
409000;;;ASH_COATED_OSMIUM;XIRECS;9994.0;2
409600;;;INTARIAN_PEPPER_ROOT;XIRECS;12405.0;6
410100;;;ASH_COATED_OSMIUM;XIRECS;10010.0;3
410200;;;ASH_COATED_OSMIUM;XIRECS;10013.0;5
412500;;;ASH_COATED_OSMIUM;XIRECS;9992.0;7
413900;;;ASH_COATED_OSMIUM;XIRECS;10012.0;5
416000;;;ASH_COATED_OSMIUM;XIRECS;9999.0;2
421200;;;INTARIAN_PEPPER_ROOT;XIRECS;12424.0;5
422100;;;INTARIAN_PEPPER_ROOT;XIRECS;12415.0;7
422200;;;ASH_COATED_OSMIUM;XIRECS;10009.0;6
423200;;;ASH_COATED_OSMIUM;XIRECS;9993.0;6
424000;;;ASH_COATED_OSMIUM;XIRECS;10007.0;8
425300;;;ASH_COATED_OSMIUM;XIRECS;10008.0;4
425600;;;ASH_COATED_OSMIUM;XIRECS;10006.0;8
426000;;;ASH_COATED_OSMIUM;XIRECS;10007.0;7
430500;;;ASH_COATED_OSMIUM;XIRECS;9991.0;4
432600;;;ASH_COATED_OSMIUM;XIRECS;9991.0;6
434800;;;INTARIAN_PEPPER_ROOT;XIRECS;12428.0;3
435000;;;ASH_COATED_OSMIUM;XIRECS;10008.0;4
437100;;;INTARIAN_PEPPER_ROOT;XIRECS;12427.0;5
438900;;;ASH_COATED_OSMIUM;XIRECS;10011.0;5
439500;;;ASH_COATED_OSMIUM;XIRECS;9989.0;6
441100;;;ASH_COATED_OSMIUM;XIRECS;9993.0;3
441600;;;ASH_COATED_OSMIUM;XIRECS;10003.0;4
442300;;;INTARIAN_PEPPER_ROOT;XIRECS;12438.0;7
446300;;;INTARIAN_PEPPER_ROOT;XIRECS;12453.0;5
448600;;;INTARIAN_PEPPER_ROOT;XIRECS;12455.0;3
448900;;;ASH_COATED_OSMIUM;XIRECS;10010.0;5
450900;;;INTARIAN_PEPPER_ROOT;XIRECS;12444.0;6
451200;;;INTARIAN_PEPPER_ROOT;XIRECS;12444.0;7
452500;;;INTARIAN_PEPPER_ROOT;XIRECS;12456.0;8
454100;;;ASH_COATED_OSMIUM;XIRECS;9999.0;6
454400;;;ASH_COATED_OSMIUM;XIRECS;9999.0;8
458100;;;INTARIAN_PEPPER_ROOT;XIRECS;12454.0;8
459800;;;INTARIAN_PEPPER_ROOT;XIRECS;12453.0;6
460800;;;ASH_COATED_OSMIUM;XIRECS;9998.0;5
463700;;;INTARIAN_PEPPER_ROOT;XIRECS;12467.0;3
469200;;;ASH_COATED_OSMIUM;XIRECS;10014.0;3
470800;;;ASH_COATED_OSMIUM;XIRECS;10014.0;9
470800;;;INTARIAN_PEPPER_ROOT;XIRECS;12478.0;7
471100;;;INTARIAN_PEPPER_ROOT;XIRECS;12474.0;6
475200;;;ASH_COATED_OSMIUM;XIRECS;9995.0;6
477400;;;ASH_COATED_OSMIUM;XIRECS;10010.0;5
477900;;;ASH_COATED_OSMIUM;XIRECS;10008.0;3
478200;;;ASH_COATED_OSMIUM;XIRECS;10008.0;3
478700;;;INTARIAN_PEPPER_ROOT;XIRECS;12474.0;3
480500;;;INTARIAN_PEPPER_ROOT;XIRECS;12487.0;4
484300;;;ASH_COATED_OSMIUM;XIRECS;9988.0;9
485200;;;ASH_COATED_OSMIUM;XIRECS;9989.0;6
485300;;;INTARIAN_PEPPER_ROOT;XIRECS;12479.0;3
486400;;;ASH_COATED_OSMIUM;XIRECS;10009.0;5
486700;;;INTARIAN_PEPPER_ROOT;XIRECS;12480.0;4
487800;;;INTARIAN_PEPPER_ROOT;XIRECS;12481.0;3
489100;;;ASH_COATED_OSMIUM;XIRECS;9994.0;6
490700;;;ASH_COATED_OSMIUM;XIRECS;9993.0;3
491300;;;INTARIAN_PEPPER_ROOT;XIRECS;12495.0;4
492400;;;INTARIAN_PEPPER_ROOT;XIRECS;12486.0;3
495900;;;INTARIAN_PEPPER_ROOT;XIRECS;12489.0;6
496300;;;ASH_COATED_OSMIUM;XIRECS;9991.0;3
498300;;;ASH_COATED_OSMIUM;XIRECS;9993.0;7
501000;;;ASH_COATED_OSMIUM;XIRECS;9992.0;2
505400;;;ASH_COATED_OSMIUM;XIRECS;10011.0;5
506500;;;ASH_COATED_OSMIUM;XIRECS;10012.0;3
506800;;;ASH_COATED_OSMIUM;XIRECS;10000.0;2
513000;;;INTARIAN_PEPPER_ROOT;XIRECS;12520.0;6
513400;;;INTARIAN_PEPPER_ROOT;XIRECS;12520.0;7
513900;;;INTARIAN_PEPPER_ROOT;XIRECS;12517.0;7
514700;;;INTARIAN_PEPPER_ROOT;XIRECS;12521.0;5
515500;;;ASH_COATED_OSMIUM;XIRECS;9997.0;6
516100;;;INTARIAN_PEPPER_ROOT;XIRECS;12509.0;7
516900;;;INTARIAN_PEPPER_ROOT;XIRECS;12510.0;5
517700;;;ASH_COATED_OSMIUM;XIRECS;10003.0;3
520900;;;ASH_COATED_OSMIUM;XIRECS;10016.0;6
521700;;;ASH_COATED_OSMIUM;XIRECS;10015.0;5
522200;;;ASH_COATED_OSMIUM;XIRECS;9998.0;5
522800;;;INTARIAN_PEPPER_ROOT;XIRECS;12530.0;5
523600;;;ASH_COATED_OSMIUM;XIRECS;9997.0;9
524200;;;INTARIAN_PEPPER_ROOT;XIRECS;12521.0;7
525500;;;ASH_COATED_OSMIUM;XIRECS;10013.0;3
526000;;;ASH_COATED_OSMIUM;XIRECS;10013.0;7
526400;;;ASH_COATED_OSMIUM;XIRECS;10013.0;5
527700;;;ASH_COATED_OSMIUM;XIRECS;9994.0;3
530400;;;INTARIAN_PEPPER_ROOT;XIRECS;12534.0;7
531200;;;ASH_COATED_OSMIUM;XIRECS;10013.0;2
532000;;;INTARIAN_PEPPER_ROOT;XIRECS;12525.0;4
533100;;;INTARIAN_PEPPER_ROOT;XIRECS;12523.0;5
533800;;;ASH_COATED_OSMIUM;XIRECS;10015.0;4
534300;;;ASH_COATED_OSMIUM;XIRECS;10001.0;6
536800;;;ASH_COATED_OSMIUM;XIRECS;10019.0;2
537400;;;ASH_COATED_OSMIUM;XIRECS;10020.0;2
538300;;;INTARIAN_PEPPER_ROOT;XIRECS;12545.0;6
539900;;;INTARIAN_PEPPER_ROOT;XIRECS;12550.0;5
541000;;;ASH_COATED_OSMIUM;XIRECS;10021.0;6
541200;;;INTARIAN_PEPPER_ROOT;XIRECS;12534.0;7
544100;;;ASH_COATED_OSMIUM;XIRECS;10007.0;7
545400;;;ASH_COATED_OSMIUM;XIRECS;10023.0;2
546100;;;ASH_COATED_OSMIUM;XIRECS;10006.0;5
546800;;;INTARIAN_PEPPER_ROOT;XIRECS;12540.0;6
548100;;;ASH_COATED_OSMIUM;XIRECS;10026.0;9
548400;;;ASH_COATED_OSMIUM;XIRECS;10003.0;4
553700;;;ASH_COATED_OSMIUM;XIRECS;10003.0;5
554200;;;INTARIAN_PEPPER_ROOT;XIRECS;12561.0;3
554300;;;INTARIAN_PEPPER_ROOT;XIRECS;12550.0;3
557200;;;ASH_COATED_OSMIUM;XIRECS;10019.0;6
557600;;;ASH_COATED_OSMIUM;XIRECS;10021.0;6
560100;;;ASH_COATED_OSMIUM;XIRECS;10019.0;6
563400;;;INTARIAN_PEPPER_ROOT;XIRECS;12557.0;4
563900;;;ASH_COATED_OSMIUM;XIRECS;10000.0;3
564300;;;ASH_COATED_OSMIUM;XIRECS;10018.0;3
566200;;;INTARIAN_PEPPER_ROOT;XIRECS;12559.0;6
566300;;;ASH_COATED_OSMIUM;XIRECS;10018.0;5
567200;;;ASH_COATED_OSMIUM;XIRECS;10019.0;5
568200;;;INTARIAN_PEPPER_ROOT;XIRECS;12564.0;7
568500;;;ASH_COATED_OSMIUM;XIRECS;10012.0;5
573800;;;ASH_COATED_OSMIUM;XIRECS;10019.0;6
574600;;;ASH_COATED_OSMIUM;XIRECS;10001.0;9
575200;;;ASH_COATED_OSMIUM;XIRECS;10017.0;2
575500;;;INTARIAN_PEPPER_ROOT;XIRECS;12582.0;5
576900;;;ASH_COATED_OSMIUM;XIRECS;10000.0;10
579000;;;ASH_COATED_OSMIUM;XIRECS;10000.0;9
579200;;;INTARIAN_PEPPER_ROOT;XIRECS;12575.0;4
579400;;;ASH_COATED_OSMIUM;XIRECS;10016.0;5
580300;;;ASH_COATED_OSMIUM;XIRECS;10017.0;3
581100;;;INTARIAN_PEPPER_ROOT;XIRECS;12574.0;4
581300;;;ASH_COATED_OSMIUM;XIRECS;10000.0;4
583100;;;ASH_COATED_OSMIUM;XIRECS;9998.0;4
584800;;;INTARIAN_PEPPER_ROOT;XIRECS;12595.0;3
586600;;;ASH_COATED_OSMIUM;XIRECS;10015.0;6
587200;;;ASH_COATED_OSMIUM;XIRECS;9997.0;5
589200;;;ASH_COATED_OSMIUM;XIRECS;9994.0;2
591500;;;ASH_COATED_OSMIUM;XIRECS;10013.0;10
592300;;;INTARIAN_PEPPER_ROOT;XIRECS;12599.0;3
595400;;;INTARIAN_PEPPER_ROOT;XIRECS;12585.0;3
596200;;;ASH_COATED_OSMIUM;XIRECS;10014.0;7
603100;;;ASH_COATED_OSMIUM;XIRECS;10015.0;9
604700;;;ASH_COATED_OSMIUM;XIRECS;10013.0;6
607300;;;ASH_COATED_OSMIUM;XIRECS;9996.0;3
607800;;;INTARIAN_PEPPER_ROOT;XIRECS;12615.0;6
608000;;;INTARIAN_PEPPER_ROOT;XIRECS;12604.0;5
608300;;;ASH_COATED_OSMIUM;XIRECS;10011.0;8
609000;;;INTARIAN_PEPPER_ROOT;XIRECS;12616.0;7
609600;;;ASH_COATED_OSMIUM;XIRECS;10009.0;6
610900;;;INTARIAN_PEPPER_ROOT;XIRECS;12618.0;7
611900;;;INTARIAN_PEPPER_ROOT;XIRECS;12622.0;7
615100;;;ASH_COATED_OSMIUM;XIRECS;9993.0;3
616100;;;ASH_COATED_OSMIUM;XIRECS;10007.0;2
616200;;;INTARIAN_PEPPER_ROOT;XIRECS;12623.0;5
618000;;;INTARIAN_PEPPER_ROOT;XIRECS;12614.0;6
618800;;;ASH_COATED_OSMIUM;XIRECS;10009.0;10
619800;;;INTARIAN_PEPPER_ROOT;XIRECS;12627.0;5
619900;;;ASH_COATED_OSMIUM;XIRECS;9994.0;5
623900;;;ASH_COATED_OSMIUM;XIRECS;10014.0;3
624100;;;ASH_COATED_OSMIUM;XIRECS;9995.0;4
626000;;;ASH_COATED_OSMIUM;XIRECS;9993.0;2
626400;;;ASH_COATED_OSMIUM;XIRECS;10002.0;3
626700;;;ASH_COATED_OSMIUM;XIRECS;10008.0;4
628800;;;INTARIAN_PEPPER_ROOT;XIRECS;12622.0;3
629100;;;INTARIAN_PEPPER_ROOT;XIRECS;12625.0;4
630100;;;ASH_COATED_OSMIUM;XIRECS;10009.0;2
631200;;;ASH_COATED_OSMIUM;XIRECS;10010.0;9
632400;;;ASH_COATED_OSMIUM;XIRECS;9994.0;5
632500;;;INTARIAN_PEPPER_ROOT;XIRECS;12639.0;4
632800;;;INTARIAN_PEPPER_ROOT;XIRECS;12626.0;4
633900;;;ASH_COATED_OSMIUM;XIRECS;10004.0;2
634300;;;ASH_COATED_OSMIUM;XIRECS;10011.0;6
634300;;;INTARIAN_PEPPER_ROOT;XIRECS;12624.0;5
635000;;;INTARIAN_PEPPER_ROOT;XIRECS;12638.0;5
635100;;;ASH_COATED_OSMIUM;XIRECS;10010.0;6
638000;;;ASH_COATED_OSMIUM;XIRECS;10013.0;4
638300;;;INTARIAN_PEPPER_ROOT;XIRECS;12628.0;6
639500;;;ASH_COATED_OSMIUM;XIRECS;9995.0;7
639600;;;ASH_COATED_OSMIUM;XIRECS;9996.0;4
639800;;;INTARIAN_PEPPER_ROOT;XIRECS;12643.0;5
641600;;;INTARIAN_PEPPER_ROOT;XIRECS;12637.0;8
641800;;;INTARIAN_PEPPER_ROOT;XIRECS;12645.0;6
642400;;;INTARIAN_PEPPER_ROOT;XIRECS;12638.0;8
644500;;;INTARIAN_PEPPER_ROOT;XIRECS;12638.0;5
648100;;;INTARIAN_PEPPER_ROOT;XIRECS;12651.0;3
649200;;;ASH_COATED_OSMIUM;XIRECS;9999.0;3
649900;;;ASH_COATED_OSMIUM;XIRECS;9991.0;4
654200;;;ASH_COATED_OSMIUM;XIRECS;9990.0;5
654400;;;ASH_COATED_OSMIUM;XIRECS;9991.0;3
656900;;;ASH_COATED_OSMIUM;XIRECS;9996.0;5
657500;;;INTARIAN_PEPPER_ROOT;XIRECS;12664.0;7
657900;;;ASH_COATED_OSMIUM;XIRECS;10007.0;10
660600;;;ASH_COATED_OSMIUM;XIRECS;9984.0;6
663300;;;INTARIAN_PEPPER_ROOT;XIRECS;12667.0;3
664400;;;INTARIAN_PEPPER_ROOT;XIRECS;12654.0;7
665000;;;INTARIAN_PEPPER_ROOT;XIRECS;12672.0;4
665200;;;ASH_COATED_OSMIUM;XIRECS;9999.0;5
665700;;;ASH_COATED_OSMIUM;XIRECS;10000.0;8
667500;;;ASH_COATED_OSMIUM;XIRECS;9984.0;4
667800;;;INTARIAN_PEPPER_ROOT;XIRECS;12675.0;4
668100;;;ASH_COATED_OSMIUM;XIRECS;10000.0;3
668300;;;INTARIAN_PEPPER_ROOT;XIRECS;12675.0;7
668300;;;INTARIAN_PEPPER_ROOT;XIRECS;12672.0;4
670500;;;ASH_COATED_OSMIUM;XIRECS;10003.0;2
670800;;;ASH_COATED_OSMIUM;XIRECS;9987.0;9
671400;;;INTARIAN_PEPPER_ROOT;XIRECS;12665.0;3
674800;;;ASH_COATED_OSMIUM;XIRECS;10005.0;7
676600;;;INTARIAN_PEPPER_ROOT;XIRECS;12680.0;6
676700;;;ASH_COATED_OSMIUM;XIRECS;9984.0;5
679700;;;INTARIAN_PEPPER_ROOT;XIRECS;12673.0;6
680300;;;ASH_COATED_OSMIUM;XIRECS;9987.0;6
681500;;;ASH_COATED_OSMIUM;XIRECS;9983.0;3
682900;;;ASH_COATED_OSMIUM;XIRECS;10003.0;7
683700;;;INTARIAN_PEPPER_ROOT;XIRECS;12691.0;6
684100;;;ASH_COATED_OSMIUM;XIRECS;9987.0;8
684700;;;ASH_COATED_OSMIUM;XIRECS;9985.0;3
686800;;;INTARIAN_PEPPER_ROOT;XIRECS;12680.0;5
688600;;;INTARIAN_PEPPER_ROOT;XIRECS;12682.0;4
690800;;;ASH_COATED_OSMIUM;XIRECS;9983.0;5
693100;;;ASH_COATED_OSMIUM;XIRECS;10001.0;4
694700;;;ASH_COATED_OSMIUM;XIRECS;10001.0;8
694800;;;INTARIAN_PEPPER_ROOT;XIRECS;12702.0;5
696300;;;INTARIAN_PEPPER_ROOT;XIRECS;12700.0;6
696600;;;ASH_COATED_OSMIUM;XIRECS;10001.0;3
696800;;;INTARIAN_PEPPER_ROOT;XIRECS;12700.0;5
699600;;;ASH_COATED_OSMIUM;XIRECS;9997.0;9
700300;;;INTARIAN_PEPPER_ROOT;XIRECS;12707.0;4
700800;;;INTARIAN_PEPPER_ROOT;XIRECS;12708.0;3
708200;;;ASH_COATED_OSMIUM;XIRECS;9998.0;5
709600;;;ASH_COATED_OSMIUM;XIRECS;9999.0;2
709800;;;ASH_COATED_OSMIUM;XIRECS;9997.0;5
710100;;;ASH_COATED_OSMIUM;XIRECS;9997.0;7
719900;;;INTARIAN_PEPPER_ROOT;XIRECS;12716.0;5
720700;;;INTARIAN_PEPPER_ROOT;XIRECS;12714.0;6
721400;;;ASH_COATED_OSMIUM;XIRECS;9997.0;4
722200;;;INTARIAN_PEPPER_ROOT;XIRECS;12729.0;3
724600;;;ASH_COATED_OSMIUM;XIRECS;9995.0;2
728100;;;ASH_COATED_OSMIUM;XIRECS;9999.0;10
728400;;;ASH_COATED_OSMIUM;XIRECS;10000.0;9
729300;;;ASH_COATED_OSMIUM;XIRECS;10000.0;8
730000;;;ASH_COATED_OSMIUM;XIRECS;9999.0;2
731100;;;ASH_COATED_OSMIUM;XIRECS;9983.0;5
731200;;;ASH_COATED_OSMIUM;XIRECS;9983.0;7
732000;;;ASH_COATED_OSMIUM;XIRECS;9982.0;6
732700;;;INTARIAN_PEPPER_ROOT;XIRECS;12728.0;8
738700;;;INTARIAN_PEPPER_ROOT;XIRECS;12732.0;6
739900;;;ASH_COATED_OSMIUM;XIRECS;9981.0;4
743700;;;ASH_COATED_OSMIUM;XIRECS;9984.0;2
743700;;;ASH_COATED_OSMIUM;XIRECS;10003.0;8
745000;;;ASH_COATED_OSMIUM;XIRECS;10001.0;6
746600;;;INTARIAN_PEPPER_ROOT;XIRECS;12742.0;7
746800;;;INTARIAN_PEPPER_ROOT;XIRECS;12750.0;4
747600;;;INTARIAN_PEPPER_ROOT;XIRECS;12758.0;5
751100;;;INTARIAN_PEPPER_ROOT;XIRECS;12758.0;7
753500;;;ASH_COATED_OSMIUM;XIRECS;9988.0;7
755400;;;ASH_COATED_OSMIUM;XIRECS;9989.0;3
755800;;;ASH_COATED_OSMIUM;XIRECS;9989.0;2
756100;;;INTARIAN_PEPPER_ROOT;XIRECS;12749.0;5
756200;;;ASH_COATED_OSMIUM;XIRECS;9989.0;9
757100;;;ASH_COATED_OSMIUM;XIRECS;10006.0;6
757800;;;INTARIAN_PEPPER_ROOT;XIRECS;12751.0;4
759600;;;ASH_COATED_OSMIUM;XIRECS;10006.0;3
762600;;;ASH_COATED_OSMIUM;XIRECS;9990.0;7
763700;;;INTARIAN_PEPPER_ROOT;XIRECS;12754.0;5
765700;;;ASH_COATED_OSMIUM;XIRECS;9989.0;6
767500;;;ASH_COATED_OSMIUM;XIRECS;9995.0;3
767500;;;INTARIAN_PEPPER_ROOT;XIRECS;12761.0;3
767600;;;ASH_COATED_OSMIUM;XIRECS;10006.0;10
768400;;;INTARIAN_PEPPER_ROOT;XIRECS;12775.0;6
769400;;;ASH_COATED_OSMIUM;XIRECS;9991.0;6
769500;;;ASH_COATED_OSMIUM;XIRECS;9990.0;7
770000;;;INTARIAN_PEPPER_ROOT;XIRECS;12773.0;3
770200;;;ASH_COATED_OSMIUM;XIRECS;9988.0;5
773600;;;ASH_COATED_OSMIUM;XIRECS;9992.0;5
774200;;;INTARIAN_PEPPER_ROOT;XIRECS;12767.0;6
774500;;;INTARIAN_PEPPER_ROOT;XIRECS;12778.0;8
779300;;;ASH_COATED_OSMIUM;XIRECS;9988.0;4
780200;;;ASH_COATED_OSMIUM;XIRECS;9987.0;4
780800;;;ASH_COATED_OSMIUM;XIRECS;10006.0;6
781500;;;ASH_COATED_OSMIUM;XIRECS;10008.0;3
781500;;;INTARIAN_PEPPER_ROOT;XIRECS;12777.0;7
782400;;;ASH_COATED_OSMIUM;XIRECS;9987.0;4
782700;;;ASH_COATED_OSMIUM;XIRECS;10004.0;6
783400;;;ASH_COATED_OSMIUM;XIRECS;10005.0;2
784600;;;ASH_COATED_OSMIUM;XIRECS;10006.0;4
785100;;;INTARIAN_PEPPER_ROOT;XIRECS;12792.0;3
787100;;;ASH_COATED_OSMIUM;XIRECS;10008.0;4
788800;;;ASH_COATED_OSMIUM;XIRECS;9989.0;6
791600;;;INTARIAN_PEPPER_ROOT;XIRECS;12798.0;5
792200;;;INTARIAN_PEPPER_ROOT;XIRECS;12785.0;6
793200;;;ASH_COATED_OSMIUM;XIRECS;10005.0;4
793900;;;INTARIAN_PEPPER_ROOT;XIRECS;12790.0;6
794800;;;ASH_COATED_OSMIUM;XIRECS;9990.0;5
795500;;;INTARIAN_PEPPER_ROOT;XIRECS;12789.0;4
796800;;;INTARIAN_PEPPER_ROOT;XIRECS;12800.0;7
797200;;;ASH_COATED_OSMIUM;XIRECS;10004.0;10
797300;;;ASH_COATED_OSMIUM;XIRECS;10004.0;6
798000;;;ASH_COATED_OSMIUM;XIRECS;10006.0;3
798000;;;INTARIAN_PEPPER_ROOT;XIRECS;12808.0;4
799100;;;INTARIAN_PEPPER_ROOT;XIRECS;12789.0;6
800600;;;INTARIAN_PEPPER_ROOT;XIRECS;12796.0;4
801100;;;INTARIAN_PEPPER_ROOT;XIRECS;12808.0;5
802800;;;ASH_COATED_OSMIUM;XIRECS;10006.0;5
803300;;;ASH_COATED_OSMIUM;XIRECS;10006.0;10
804000;;;ASH_COATED_OSMIUM;XIRECS;9987.0;3
804400;;;ASH_COATED_OSMIUM;XIRECS;10009.0;4
805400;;;ASH_COATED_OSMIUM;XIRECS;10006.0;2
808300;;;ASH_COATED_OSMIUM;XIRECS;10010.0;5
808600;;;ASH_COATED_OSMIUM;XIRECS;9993.0;2
809300;;;ASH_COATED_OSMIUM;XIRECS;10011.0;5
809500;;;INTARIAN_PEPPER_ROOT;XIRECS;12805.0;5
812300;;;ASH_COATED_OSMIUM;XIRECS;9991.0;2
812600;;;ASH_COATED_OSMIUM;XIRECS;10010.0;2
814300;;;ASH_COATED_OSMIUM;XIRECS;9994.0;5
814800;;;INTARIAN_PEPPER_ROOT;XIRECS;12825.0;7
815000;;;ASH_COATED_OSMIUM;XIRECS;9994.0;4
815200;;;INTARIAN_PEPPER_ROOT;XIRECS;12822.0;6
818800;;;INTARIAN_PEPPER_ROOT;XIRECS;12826.0;4
819700;;;INTARIAN_PEPPER_ROOT;XIRECS;12827.0;3
821100;;;ASH_COATED_OSMIUM;XIRECS;9995.0;9
822000;;;INTARIAN_PEPPER_ROOT;XIRECS;12818.0;8
825200;;;INTARIAN_PEPPER_ROOT;XIRECS;12821.0;3
830800;;;ASH_COATED_OSMIUM;XIRECS;9995.0;9
831100;;;ASH_COATED_OSMIUM;XIRECS;10012.0;4
831400;;;INTARIAN_PEPPER_ROOT;XIRECS;12835.0;8
832400;;;INTARIAN_PEPPER_ROOT;XIRECS;12839.0;6
835800;;;INTARIAN_PEPPER_ROOT;XIRECS;12843.0;6
838400;;;INTARIAN_PEPPER_ROOT;XIRECS;12828.0;5
838800;;;INTARIAN_PEPPER_ROOT;XIRECS;12842.0;5
841900;;;INTARIAN_PEPPER_ROOT;XIRECS;12845.0;3
842100;;;ASH_COATED_OSMIUM;XIRECS;10012.0;5
843800;;;ASH_COATED_OSMIUM;XIRECS;10013.0;4
844300;;;INTARIAN_PEPPER_ROOT;XIRECS;12851.0;5
844400;;;INTARIAN_PEPPER_ROOT;XIRECS;12837.0;4
846300;;;INTARIAN_PEPPER_ROOT;XIRECS;12839.0;3
848800;;;INTARIAN_PEPPER_ROOT;XIRECS;12856.0;4
851400;;;INTARIAN_PEPPER_ROOT;XIRECS;12858.0;5
852800;;;ASH_COATED_OSMIUM;XIRECS;10007.0;5
853000;;;INTARIAN_PEPPER_ROOT;XIRECS;12863.0;5
853100;;;ASH_COATED_OSMIUM;XIRECS;9996.0;5
853300;;;INTARIAN_PEPPER_ROOT;XIRECS;12846.0;5
854000;;;ASH_COATED_OSMIUM;XIRECS;10014.0;6
856500;;;ASH_COATED_OSMIUM;XIRECS;9992.0;5
860600;;;ASH_COATED_OSMIUM;XIRECS;9992.0;2
861400;;;ASH_COATED_OSMIUM;XIRECS;9993.0;4
861600;;;ASH_COATED_OSMIUM;XIRECS;10009.0;2
861800;;;INTARIAN_PEPPER_ROOT;XIRECS;12865.0;3
864000;;;ASH_COATED_OSMIUM;XIRECS;10007.0;3
864600;;;ASH_COATED_OSMIUM;XIRECS;9990.0;3
864900;;;INTARIAN_PEPPER_ROOT;XIRECS;12868.0;7
866000;;;INTARIAN_PEPPER_ROOT;XIRECS;12873.0;6
866200;;;INTARIAN_PEPPER_ROOT;XIRECS;12862.0;3
869000;;;INTARIAN_PEPPER_ROOT;XIRECS;12865.0;5
870200;;;INTARIAN_PEPPER_ROOT;XIRECS;12874.0;6
871900;;;ASH_COATED_OSMIUM;XIRECS;10009.0;5
872600;;;ASH_COATED_OSMIUM;XIRECS;9991.0;3
873100;;;INTARIAN_PEPPER_ROOT;XIRECS;12866.0;6
875700;;;ASH_COATED_OSMIUM;XIRECS;9988.0;10
878600;;;INTARIAN_PEPPER_ROOT;XIRECS;12882.0;5
880100;;;ASH_COATED_OSMIUM;XIRECS;9992.0;3
881300;;;ASH_COATED_OSMIUM;XIRECS;9991.0;4
881600;;;INTARIAN_PEPPER_ROOT;XIRECS;12871.0;4
882200;;;INTARIAN_PEPPER_ROOT;XIRECS;12892.0;7
882400;;;ASH_COATED_OSMIUM;XIRECS;10007.0;5
883800;;;ASH_COATED_OSMIUM;XIRECS;10006.0;5
885400;;;ASH_COATED_OSMIUM;XIRECS;9988.0;2
885600;;;ASH_COATED_OSMIUM;XIRECS;10006.0;4
890500;;;ASH_COATED_OSMIUM;XIRECS;9988.0;5
891900;;;ASH_COATED_OSMIUM;XIRECS;10008.0;6
892100;;;INTARIAN_PEPPER_ROOT;XIRECS;12885.0;4
892800;;;ASH_COATED_OSMIUM;XIRECS;9989.0;6
892900;;;INTARIAN_PEPPER_ROOT;XIRECS;12886.0;3
893500;;;INTARIAN_PEPPER_ROOT;XIRECS;12889.0;3
894200;;;INTARIAN_PEPPER_ROOT;XIRECS;12901.0;7
896500;;;INTARIAN_PEPPER_ROOT;XIRECS;12890.0;6
902000;;;INTARIAN_PEPPER_ROOT;XIRECS;12895.0;4
903100;;;ASH_COATED_OSMIUM;XIRECS;10011.0;10
904700;;;INTARIAN_PEPPER_ROOT;XIRECS;12900.0;7
904800;;;INTARIAN_PEPPER_ROOT;XIRECS;12898.0;7
906500;;;INTARIAN_PEPPER_ROOT;XIRECS;12917.0;6
908600;;;ASH_COATED_OSMIUM;XIRECS;10006.0;4
908800;;;INTARIAN_PEPPER_ROOT;XIRECS;12904.0;7
911500;;;INTARIAN_PEPPER_ROOT;XIRECS;12918.0;4
913400;;;INTARIAN_PEPPER_ROOT;XIRECS;12917.0;5
914400;;;INTARIAN_PEPPER_ROOT;XIRECS;12910.0;7
917000;;;INTARIAN_PEPPER_ROOT;XIRECS;12920.0;4
920200;;;ASH_COATED_OSMIUM;XIRECS;10003.0;4
922300;;;ASH_COATED_OSMIUM;XIRECS;10001.0;6
922400;;;INTARIAN_PEPPER_ROOT;XIRECS;12915.0;3
922700;;;INTARIAN_PEPPER_ROOT;XIRECS;12916.0;5
923000;;;INTARIAN_PEPPER_ROOT;XIRECS;12916.0;7
923500;;;ASH_COATED_OSMIUM;XIRECS;10017.0;8
924900;;;ASH_COATED_OSMIUM;XIRECS;10000.0;2
924900;;;ASH_COATED_OSMIUM;XIRECS;10016.0;5
927400;;;ASH_COATED_OSMIUM;XIRECS;9996.0;9
927600;;;INTARIAN_PEPPER_ROOT;XIRECS;12921.0;4
928600;;;INTARIAN_PEPPER_ROOT;XIRECS;12922.0;7
928900;;;ASH_COATED_OSMIUM;XIRECS;10015.0;2
929200;;;ASH_COATED_OSMIUM;XIRECS;10004.0;4
930200;;;ASH_COATED_OSMIUM;XIRECS;9997.0;3
933000;;;ASH_COATED_OSMIUM;XIRECS;10017.0;9
934300;;;ASH_COATED_OSMIUM;XIRECS;10015.0;2
935100;;;INTARIAN_PEPPER_ROOT;XIRECS;12931.0;4
936200;;;INTARIAN_PEPPER_ROOT;XIRECS;12932.0;7
936700;;;INTARIAN_PEPPER_ROOT;XIRECS;12930.0;3
937400;;;INTARIAN_PEPPER_ROOT;XIRECS;12941.0;3
937600;;;INTARIAN_PEPPER_ROOT;XIRECS;12931.0;7
939400;;;INTARIAN_PEPPER_ROOT;XIRECS;12943.0;8
940100;;;INTARIAN_PEPPER_ROOT;XIRECS;12930.0;5
941400;;;ASH_COATED_OSMIUM;XIRECS;10014.0;6
942800;;;ASH_COATED_OSMIUM;XIRECS;10013.0;6
943700;;;INTARIAN_PEPPER_ROOT;XIRECS;12951.0;3
944500;;;ASH_COATED_OSMIUM;XIRECS;10015.0;10
950000;;;ASH_COATED_OSMIUM;XIRECS;10019.0;4
951400;;;INTARIAN_PEPPER_ROOT;XIRECS;12958.0;3
954500;;;INTARIAN_PEPPER_ROOT;XIRECS;12948.0;4
954600;;;INTARIAN_PEPPER_ROOT;XIRECS;12948.0;4
955100;;;INTARIAN_PEPPER_ROOT;XIRECS;12951.0;8
956900;;;INTARIAN_PEPPER_ROOT;XIRECS;12947.0;5
957200;;;INTARIAN_PEPPER_ROOT;XIRECS;12950.0;7
957900;;;INTARIAN_PEPPER_ROOT;XIRECS;12965.0;7
958900;;;INTARIAN_PEPPER_ROOT;XIRECS;12955.0;7
960600;;;INTARIAN_PEPPER_ROOT;XIRECS;12956.0;3
960600;;;INTARIAN_PEPPER_ROOT;XIRECS;12956.0;2
961600;;;INTARIAN_PEPPER_ROOT;XIRECS;12955.0;3
964900;;;ASH_COATED_OSMIUM;XIRECS;10004.0;2
965100;;;INTARIAN_PEPPER_ROOT;XIRECS;12958.0;6
966200;;;ASH_COATED_OSMIUM;XIRECS;10003.0;5
971300;;;INTARIAN_PEPPER_ROOT;XIRECS;12975.0;3
971600;;;INTARIAN_PEPPER_ROOT;XIRECS;12967.0;7
972000;;;INTARIAN_PEPPER_ROOT;XIRECS;12965.0;3
972600;;;ASH_COATED_OSMIUM;XIRECS;10002.0;3
974300;;;ASH_COATED_OSMIUM;XIRECS;10018.0;4
975500;;;INTARIAN_PEPPER_ROOT;XIRECS;12969.0;6
978800;;;INTARIAN_PEPPER_ROOT;XIRECS;12972.0;4
980200;;;ASH_COATED_OSMIUM;XIRECS;10000.0;4
985800;;;INTARIAN_PEPPER_ROOT;XIRECS;12981.0;5
987400;;;ASH_COATED_OSMIUM;XIRECS;10016.0;9
989200;;;INTARIAN_PEPPER_ROOT;XIRECS;12993.0;8
989900;;;INTARIAN_PEPPER_ROOT;XIRECS;12986.0;4
990200;;;INTARIAN_PEPPER_ROOT;XIRECS;12983.0;6
990400;;;ASH_COATED_OSMIUM;XIRECS;10006.0;2
990700;;;INTARIAN_PEPPER_ROOT;XIRECS;12998.0;6
990900;;;INTARIAN_PEPPER_ROOT;XIRECS;12984.0;6
991300;;;INTARIAN_PEPPER_ROOT;XIRECS;12984.0;3
991600;;;ASH_COATED_OSMIUM;XIRECS;10018.0;5
993100;;;ASH_COATED_OSMIUM;XIRECS;10017.0;3
993400;;;ASH_COATED_OSMIUM;XIRECS;10000.0;3
995000;;;INTARIAN_PEPPER_ROOT;XIRECS;13002.0;4
998000;;;ASH_COATED_OSMIUM;XIRECS;10000.0;6
998400;;;ASH_COATED_OSMIUM;XIRECS;9999.0;5
998400;;;INTARIAN_PEPPER_ROOT;XIRECS;13005.0;4
